"url","","","","","","","","","","","","","","","","","","",""
"https://denturesandmore.com/","","","","","","","","","","","","","","","","","","",""
"https://denturesandmore.com/about.html","","","","","","","","","","","","","","","","","","",""
"https://denturesandmore.com/services.html","","","","","","","","","","","","","","","","","","",""
"https://denturesandmore.com/forms.html","","","","","","","","","","","","","","","","","","",""
"","","","","","","","","","","","","","","","","","","",""
"","","","","","","","","","","","","","","","","","","",""
"","","","","","","","","","","","","","","","","","","",""
"","","","","","","","","","","","","","","","","","","",""
"","","","","","","","","","","","","","","","","","","",""
"","","","","","","","","","","","","","","","","","","",""
"","","","","","","","","","","","","","","","","","","",""
"","","","","","","","","","","","","","","","","","","",""
"","","","","","","","","","","","","","","","","","","",""
"","","","","","","","","","","","","","","","","","","",""
"","","","","","","","","","","","","","","","","","","",""
"","","","","","","","","","","","","","","","","","","",""
"","","","","","","","","","","","","","","","","","","",""
"","","","","","","","","","","","","","","","","","","",""
"","","","","","","","","","","","","","","","","","","",""
"","","","","","","","","","","","","","","","","","","",""
"","","","","","","","","","","","","","","","","","","",""
"","","","","","","","","","","","","","","","","","","",""
"","","","","","","","","","","","","","","","","","","",""
"","","","","","","","","","","","","","","","","","","",""
"","","","","","","","","","","","","","","","","","","",""
"","","","","","","","","","","","","","","","","","","",""
"","","","","","","","","","","","","","","","","","","",""
"","","","","","","","","","","","","","","","","","","",""
"","","","","","","","","","","","","","","","","","","",""
"","","","","","","","","","","","","","","","","","","",""
"","","","","","","","","","","","","","","","","","","",""
"","","","","","","","","","","","","","","","","","","",""
"","","","","","","","","","","","","","","","","","","",""
"","","","","","","","","","","","","","","","","","","",""
"","","","","","","","","","","","","","","","","","","",""
"","","","","","","","","","","","","","","","","","","",""
"","","","","","","","","","","","","","","","","","","",""
"","","","","","","","","","","","","","","","","","","",""
"","","","","","","","","","","","","","","","","","","",""
"","","","","","","","","","","","","","","","","","","",""
"","","","","","","","","","","","","","","","","","","",""
"","","","","","","","","","","","","","","","","","","",""
"","","","","","","","","","","","","","","","","","","",""
"","","","","","","","","","","","","","","","","","","",""
"","","","","","","","","","","","","","","","","","","",""
"","","","","","","","","","","","","","","","","","","",""
"","","","","","","","","","","","","","","","","","","",""
"","","","","","","","","","","","","","","","","","","",""
"","","","","","","","","","","","","","","","","","","",""
"","","","","","","","","","","","","","","","","","","",""
"","","","","","","","","","","","","","","","","","","",""
"","","","","","","","","","","","","","","","","","","",""
"","","","","","","","","","","","","","","","","","","",""
"","","","","","","","","","","","","","","","","","","",""
"","","","","","","","","","","","","","","","","","","",""
"","","","","","","","","","","","","","","","","","","",""
"","","","","","","","","","","","","","","","","","","",""
"","","","","","","","","","","","","","","","","","","",""
"","","","","","","","","","","","","","","","","","","",""
"","","","","","","","","","","","","","","","","","","",""
"","","","","","","","","","","","","","","","","","","",""
"","","","","","","","","","","","","","","","","","","",""
"","","","","","","","","","","","","","","","","","","",""
"","","","","","","","","","","","","","","","","","","",""
"","","","","","","","","","","","","","","","","","","",""
"","","","","","","","","","","","","","","","","","","",""
"","","","","","","","","","","","","","","","","","","",""
"","","","","","","","","","","","","","","","","","","",""
"","","","","","","","","","","","","","","","","","","",""
"","","","","","","","","","","","","","","","","","","",""
"","","","","","","","","","","","","","","","","","","",""
"","","","","","","","","","","","","","","","","","","",""
"","","","","","","","","","","","","","","","","","","",""
"","","","","","","","","","","","","","","","","","","",""
"","","","","","","","","","","","","","","","","","","",""
"","","","","","","","","","","","","","","","","","","",""
"","","","","","","","","","","","","","","","","","","",""
"","","","","","","","","","","","","","","","","","","",""
"","","","","","","","","","","","","","","","","","","",""
"","","","","","","","","","","","","","","","","","","",""
"","","","","","","","","","","","","","","","","","","",""
"","","","","","","","","","","","","","","","","","","",""
"","","","","","","","","","","","","","","","","","","",""
"","","","","","","","","","","","","","","","","","","",""
"","","","","","","","","","","","","","","","","","","",""
"","","","","","","","","","","","","","","","","","","",""
"","","","","","","","","","","","","","","","","","","",""
"","","","","","","","","","","","","","","","","","","",""
"","","","","","","","","","","","","","","","","","","",""
"","","","","","","","","","","","","","","","","","","",""
"","","","","","","","","","","","","","","","","","","",""
"","","","","","","","","","","","","","","","","","","",""
"","","","","","","","","","","","","","","","","","","",""
"","","","","","","","","","","","","","","","","","","",""
"","","","","","","","","","","","","","","","","","","",""
"","","","","","","","","","","","","","","","","","","",""
"","","","","","","","","","","","","","","","","","","",""
"","","","","","","","","","","","","","","","","","","",""
"","","","","","","","","","","","","","","","","","","",""
"","","","","","","","","","","","","","","","","","","",""
"","","","","","","","","","","","","","","","","","","",""
"","","","","","","","","","","","","","","","","","","",""
"","","","","","","","","","","","","","","","","","","",""
"","","","","","","","","","","","","","","","","","","",""
"","","","","","","","","","","","","","","","","","","",""
"","","","","","","","","","","","","","","","","","","",""
"","","","","","","","","","","","","","","","","","","",""
"","","","","","","","","","","","","","","","","","","",""
"","","","","","","","","","","","","","","","","","","",""
"","","","","","","","","","","","","","","","","","","",""
"","","","","","","","","","","","","","","","","","","",""
"","","","","","","","","","","","","","","","","","","",""
"","","","","","","","","","","","","","","","","","","",""
"","","","","","","","","","","","","","","","","","","",""
"","","","","","","","","","","","","","","","","","","",""
"","","","","","","","","","","","","","","","","","","",""
"","","","","","","","","","","","","","","","","","","",""
"","","","","","","","","","","","","","","","","","","",""
"","","","","","","","","","","","","","","","","","","",""
"","","","","","","","","","","","","","","","","","","",""
"","","","","","","","","","","","","","","","","","","",""
"","","","","","","","","","","","","","","","","","","",""
"","","","","","","","","","","","","","","","","","","",""
"","","","","","","","","","","","","","","","","","","",""
"","","","","","","","","","","","","","","","","","","",""
"","","","","","","","","","","","","","","","","","","",""
"","","","","","","","","","","","","","","","","","","",""
"","","","","","","","","","","","","","","","","","","",""
"","","","","","","","","","","","","","","","","","","",""
"","","","","","","","","","","","","","","","","","","",""
"","","","","","","","","","","","","","","","","","","",""
"","","","","","","","","","","","","","","","","","","",""
"","","","","","","","","","","","","","","","","","","",""
"","","","","","","","","","","","","","","","","","","",""
"","","","","","","","","","","","","","","","","","","",""
"","","","","","","","","","","","","","","","","","","",""
"","","","","","","","","","","","","","","","","","","",""
"","","","","","","","","","","","","","","","","","","",""
"","","","","","","","","","","","","","","","","","","",""
"","","","","","","","","","","","","","","","","","","",""
"","","","","","","","","","","","","","","","","","","",""
"","","","","","","","","","","","","","","","","","","",""
"","","","","","","","","","","","","","","","","","","",""
"","","","","","","","","","","","","","","","","","","",""
"","","","","","","","","","","","","","","","","","","",""
"","","","","","","","","","","","","","","","","","","",""
"","","","","","","","","","","","","","","","","","","",""
"","","","","","","","","","","","","","","","","","","",""
"","","","","","","","","","","","","","","","","","","",""
"","","","","","","","","","","","","","","","","","","",""
"","","","","","","","","","","","","","","","","","","",""
"","","","","","","","","","","","","","","","","","","",""
"","","","","","","","","","","","","","","","","","","",""
"","","","","","","","","","","","","","","","","","","",""
"","","","","","","","","","","","","","","","","","","",""
"","","","","","","","","","","","","","","","","","","",""
"","","","","","","","","","","","","","","","","","","",""
"","","","","","","","","","","","","","","","","","","",""
"","","","","","","","","","","","","","","","","","","",""
"","","","","","","","","","","","","","","","","","","",""
"","","","","","","","","","","","","","","","","","","",""
"","","","","","","","","","","","","","","","","","","",""
"","","","","","","","","","","","","","","","","","","",""
"","","","","","","","","","","","","","","","","","","",""
"","","","","","","","","","","","","","","","","","","",""
"","","","","","","","","","","","","","","","","","","",""
"","","","","","","","","","","","","","","","","","","",""
"","","","","","","","","","","","","","","","","","","",""
"","","","","","","","","","","","","","","","","","","",""
"","","","","","","","","","","","","","","","","","","",""
"","","","","","","","","","","","","","","","","","","",""
"","","","","","","","","","","","","","","","","","","",""
"","","","","","","","","","","","","","","","","","","",""
"","","","","","","","","","","","","","","","","","","",""
"","","","","","","","","","","","","","","","","","","",""
"","","","","","","","","","","","","","","","","","","",""
"","","","","","","","","","","","","","","","","","","",""
"","","","","","","","","","","","","","","","","","","",""
"","","","","","","","","","","","","","","","","","","",""
"","","","","","","","","","","","","","","","","","","",""
"","","","","","","","","","","","","","","","","","","",""
"","","","","","","","","","","","","","","","","","","",""
"","","","","","","","","","","","","","","","","","","",""
"","","","","","","","","","","","","","","","","","","",""
"","","","","","","","","","","","","","","","","","","",""
"","","","","","","","","","","","","","","","","","","",""
"","","","","","","","","","","","","","","","","","","",""
"","","","","","","","","","","","","","","","","","","",""
"","","","","","","","","","","","","","","","","","","",""
"","","","","","","","","","","","","","","","","","","",""
"","","","","","","","","","","","","","","","","","","",""
"","","","","","","","","","","","","","","","","","","",""
"","","","","","","","","","","","","","","","","","","",""
"","","","","","","","","","","","","","","","","","","",""
"","","","","","","","","","","","","","","","","","","",""
"","","","","","","","","","","","","","","","","","","",""
"","","","","","","","","","","","","","","","","","","",""
"","","","","","","","","","","","","","","","","","","",""
"","","","","","","","","","","","","","","","","","","",""